账号,三方游戏编号,三方游戏局号,投注区域,投注金额,游戏输赢
0088001,G588400,R1000000001,庄,1000,-1000
0088001,G783427,R1000000002,庄,500,-500
0088001,G205595,R1000000003,庄,200,-200
0088001,G933613,R1000000004,庄,1000,-1000
0088001,G872438,R1000000005,庄,1000,-1000
0088002,G372133,R1000000006,龙,500,500
0088002,G488584,R1000000007,龙,500,500
0088002,G586435,R1000000008,龙,500,500
0088002,G854336,R1000000009,龙,500,500
user22_0002,G595153,R1000000020,虎,2000,-2000
user22_0009,G140366,R1000000021,大,100,-100
user22_0013,G692546,R1000000022,小,1000,-1000
user22_0015,G468034,R1000000023,小,50,-50
user22_0001,G921940,R1000000024,小,100,-95.0
user22_0005,G965268,R1000000025,双,100,95.0
user22_0008,G196951,R1000000026,龙,500,475.0
user22_0008,G233232,R1000000027,龙,2000,-2000
user22_0014,G107201,R1000000028,庄,100,95.0
user22_0016,G368786,R1000000029,大,2000,-1900.0
user22_0005,G935380,R1000000030,大,2000,-1900.0
user22_0015,G876552,R1000000031,龙,1000,950.0
user22_0011,G235109,R1000000032,闲,2000,2000
user22_0012,G440797,R1000000033,虎,100,-100
user22_0020,G447283,R1000000034,小,2000,1900.0
user22_0016,G606155,R1000000035,大,2000,1900.0
user22_0007,G421342,R1000000036,闲,200,-200
user22_0007,G685923,R1000000037,虎,1000,1000
user22_0008,G324699,R1000000038,庄,100,-100
user22_0020,G384445,R1000000039,虎,500,-475.0
user22_0008,G351566,R1000000040,大,100,-95.0
user22_0013,G130293,R1000000041,龙,200,-190.0
user22_0007,G861968,R1000000042,大,1000,1000
user22_0009,G815061,R1000000043,小,2000,2000
user22_0008,G872162,R1000000044,龙,1000,-1000
user22_0002,G626316,R1000000045,龙,100,100
user22_0018,G944617,R1000000046,龙,200,-200
user22_0016,G208699,R1000000047,虎,1000,1000
user22_0014,G453942,R1000000048,大,2000,2000
user22_0011,G595006,R1000000049,大,1000,1000
user22_0007,G387890,R1000000050,大,1000,-1000
user22_0002,G251869,R1000000051,龙,1000,950.0
user22_0003,G724757,R1000000052,虎,100,100
user22_0006,G542616,R1000000053,庄,1000,-950.0
user22_0016,G274912,R1000000054,双,50,47.5
user22_0001,G953555,R1000000055,小,100,95.0
user22_0008,G605917,R1000000056,单,100,-100
user22_0008,G644184,R1000000057,庄,500,-475.0
user22_0017,G234648,R1000000058,龙,100,-100
user22_0009,G697051,R1000000059,大,50,47.5
user22_0008,G766886,R1000000060,虎,100,100
user22_0015,G488552,R1000000061,小,200,-200
user22_0020,G683278,R1000000062,庄,1000,-1000
user22_0005,G421053,R1000000063,小,50,-50
user22_0007,G573832,R1000000064,闲,200,-190.0
user22_0010,G474333,R1000000065,虎,1000,-950.0
user22_0002,G406358,R1000000066,大,100,95.0
user22_0014,G945919,R1000000067,庄,1000,1000
user22_0008,G927755,R1000000068,虎,1000,-950.0
user22_0011,G806341,R1000000069,龙,100,-100
user22_0014,G981988,R1000000070,大,50,47.5
user22_0015,G281856,R1000000071,龙,50,-47.5
user22_0007,G231732,R1000000072,大,500,-475.0
user22_0020,G824387,R1000000073,虎,2000,-1900.0
user22_0010,G113837,R1000000074,虎,200,-200
user22_0008,G857411,R1000000075,单,50,-47.5
user22_0012,G828682,R1000000076,虎,1000,1000
user22_0018,G577140,R1000000077,小,200,-190.0
user22_0003,G250181,R1000000078,单,50,-47.5
user22_0004,G624949,R1000000079,闲,100,-95.0
user22_0019,G347750,R1000000080,虎,500,475.0
user22_0014,G372296,R1000000081,小,100,-95.0
user22_0001,G378630,R1000000082,虎,1000,950.0
user22_0018,G361116,R1000000083,虎,50,-47.5
user22_0015,G186596,R1000000084,虎,1000,-950.0
user22_0017,G906774,R1000000085,单,100,100
user22_0006,G189694,R1000000086,庄,1000,950.0
user22_0011,G690898,R1000000087,闲,500,500
user22_0017,G816099,R1000000088,小,100,-95.0
user22_0016,G848700,R1000000089,大,1000,-950.0
user22_0007,G410562,R1000000090,小,2000,1900.0
user22_0002,G694131,R1000000091,小,50,-47.5
user22_0018,G559057,R1000000092,龙,50,-50
user22_0006,G618226,R1000000093,闲,1000,950.0
user22_0003,G154969,R1000000094,龙,2000,2000
user22_0019,G809074,R1000000095,小,200,-200
user22_0017,G482562,R1000000096,单,50,-50
user22_0002,G907993,R1000000097,闲,2000,-2000
user22_0009,G196331,R1000000098,虎,2000,-1900.0
user22_0016,G387701,R1000000099,龙,50,-47.5
user22_0014,G923996,R1000000100,双,2000,1900.0
user22_0003,G927343,R1000000101,闲,50,-50
user22_0009,G389706,R1000000102,小,100,-100
user22_0012,G308604,R1000000103,庄,50,-50
user22_0018,G182181,R1000000104,龙,100,100
user22_0001,G134875,R1000000105,单,1000,1000
user22_0007,G739308,R1000000106,虎,500,475.0
user22_0003,G430857,R1000000107,大,2000,1900.0
user22_0018,G371558,R1000000108,大,50,-47.5
user22_0003,G349894,R1000000109,小,2000,2000
user22_0006,G630953,R1000000110,大,200,-190.0
user22_0003,G113511,R1000000111,庄,1000,950.0
user22_0010,G933025,R1000000112,大,500,475.0
user22_0001,G326416,R1000000113,大,100,95.0
user22_0016,G455066,R1000000114,庄,50,47.5
user22_0002,G473194,R1000000115,虎,200,200
user22_0011,G256267,R1000000116,龙,100,-100
user22_0002,G238388,R1000000117,大,200,200
user22_0002,G353255,R1000000118,大,100,-95.0
user22_0008,G559545,R1000000119,龙,50,-50
user22_0015,G141433,R1000000120,大,50,-47.5
user22_0010,G987443,R1000000121,闲,200,200
user22_0020,G884222,R1000000122,庄,200,-200
user22_0014,G702636,R1000000123,虎,1000,-950.0
user22_0017,G743156,R1000000124,大,200,200
user22_0004,G374008,R1000000125,双,500,475.0
user22_0011,G950300,R1000000126,小,200,190.0
user22_0018,G195039,R1000000127,单,100,100
user22_0004,G751886,R1000000128,龙,500,500
user22_0019,G934257,R1000000129,大,1000,-1000
user22_0012,G903803,R1000000130,虎,1000,950.0
user22_0020,G479846,R1000000131,虎,500,500
user22_0015,G828043,R1000000132,小,200,200
user22_0014,G210880,R1000000133,虎,500,-475.0
user22_0007,G947916,R1000000134,单,1000,-1000
user22_0003,G740053,R1000000135,龙,1000,-1000
user22_0007,G280159,R1000000136,龙,1000,950.0
user22_0015,G682824,R1000000137,大,100,100
user22_0005,G650910,R1000000138,虎,100,95.0
user22_0005,G998414,R1000000139,小,200,200
user22_0004,G335824,R1000000140,小,50,-50
user22_0013,G951531,R1000000141,大,1000,950.0
user22_0004,G966951,R1000000142,庄,50,-47.5
user22_0005,G739642,R1000000143,小,50,50
user22_0017,G799795,R1000000144,龙,1000,-1000
user22_0018,G396731,R1000000145,闲,2000,-2000
user22_0008,G601346,R1000000146,虎,500,475.0
user22_0012,G834230,R1000000147,庄,1000,-950.0
user22_0002,G152377,R1000000148,庄,2000,-2000
user22_0008,G693549,R1000000149,闲,1000,-1000
user22_0007,G795254,R1000000150,龙,100,-100
user22_0005,G872206,R1000000151,小,200,-200
user22_0014,G218952,R1000000152,龙,50,-47.5
user22_0003,G991089,R1000000153,小,2000,-2000
user22_0018,G497281,R1000000154,龙,100,-100
user22_0004,G408915,R1000000155,龙,500,-475.0
user22_0011,G106564,R1000000156,虎,100,100
user22_0002,G703068,R1000000157,闲,1000,-1000
user22_0017,G309101,R1000000158,闲,200,190.0
user22_0005,G913008,R1000000159,庄,2000,2000
user22_0004,G462780,R1000000160,小,1000,950.0
user22_0008,G837187,R1000000161,大,50,47.5
user22_0020,G604238,R1000000162,龙,100,-95.0
user22_0013,G665203,R1000000163,闲,100,-100
user22_0017,G167443,R1000000164,虎,2000,-1900.0
user22_0014,G967694,R1000000165,小,200,190.0
user22_0003,G480916,R1000000166,庄,50,-47.5
user22_0015,G108701,R1000000167,大,100,-100
user22_0016,G651568,R1000000168,大,2000,-1900.0
user22_0001,G413266,R1000000169,虎,100,-95.0
user22_0018,G724241,R1000000170,单,50,47.5
user22_0016,G556132,R1000000171,大,200,-190.0
user22_0009,G538667,R1000000172,龙,50,-50
user22_0010,G783358,R1000000173,虎,50,47.5
user22_0008,G686591,R1000000174,闲,500,-500
user22_0003,G454269,R1000000175,单,100,100
user22_0010,G176208,R1000000176,单,200,190.0
user22_0011,G622558,R1000000177,大,100,-100
user22_0016,G215277,R1000000178,闲,1000,-950.0
user22_0008,G874560,R1000000179,大,200,200
user22_0007,G146886,R1000000180,虎,2000,-1900.0
user22_0009,G552631,R1000000181,小,100,-95.0
user22_0017,G396474,R1000000182,庄,50,-47.5
user22_0010,G812669,R1000000183,大,100,95.0
user22_0013,G988308,R1000000184,龙,1000,950.0
user22_0002,G206152,R1000000185,大,200,-200
user22_0013,G526158,R1000000186,大,500,-475.0
user22_0018,G936097,R1000000187,大,1000,-1000
user22_0001,G974006,R1000000188,闲,100,-95.0
user22_0006,G772757,R1000000189,大,50,-50
user22_0014,G972144,R1000000190,虎,200,-200
user22_0011,G114118,R1000000191,大,100,100
user22_0002,G604283,R1000000192,虎,1000,-950.0
user22_0002,G780613,R1000000193,单,50,47.5
user22_0014,G633825,R1000000194,龙,50,50
user22_0011,G528557,R1000000195,双,1000,-950.0
user22_0018,G183738,R1000000196,小,1000,1000
user22_0018,G926505,R1000000197,虎,500,500
user22_0002,G993197,R1000000198,龙,100,-100
user22_0020,G466057,R1000000199,大,1000,-950.0
user22_0011,G877033,R1000000200,庄,100,-100
user22_0017,G569474,R1000000201,虎,1000,1000
user22_0011,G823430,R1000000202,虎,1000,1000
user22_0016,G194366,R1000000203,虎,100,-100
user22_0012,G282534,R1000000204,虎,2000,-1900.0
user22_0019,G783450,R1000000205,龙,200,200
user22_0009,G960991,R1000000206,大,500,-475.0
user22_0008,G974452,R1000000207,虎,50,50
user22_0020,G825100,R1000000208,龙,50,-50
user22_0018,G411001,R1000000209,小,1000,-1000
user22_0003,G265461,R1000000210,双,100,100
user22_0004,G172557,R1000000211,虎,2000,2000
user22_0002,G964451,R1000000212,大,500,500
user22_0006,G826706,R1000000213,单,50,-47.5
user22_0008,G269778,R1000000214,虎,100,-100
user22_0017,G518535,R1000000215,龙,50,47.5
user22_0018,G968012,R1000000216,虎,100,100
user22_0007,G963741,R1000000217,龙,500,-500
user22_0018,G276140,R1000000218,大,500,-475.0
user22_0018,G244992,R1000000219,龙,200,200
